
USE student_db;

INSERT INTO student (student_id, first_name, last_name, email) VALUES (1, 'Erin', 'Miller', 'erin.miller@example.com');
INSERT INTO student (student_id, first_name, last_name, email) VALUES (2, 'Michael', 'Bailey', 'michael.bailey@example.com');
INSERT INTO student (student_id, first_name, last_name, email) VALUES (3, 'Daniel', 'Owen', 'daniel.owen@example.com');
INSERT INTO student (student_id, first_name, last_name, email) VALUES (4, 'Erik', 'Garcia', 'erik.garcia@example.com');
INSERT INTO student (student_id, first_name, last_name, email) VALUES (5, 'Brandy', 'Cross', 'brandy.cross@example.com');
INSERT INTO student (student_id, first_name, last_name, email) VALUES (6, 'Robert', 'Collier', 'robert.collier@example.com');
INSERT INTO student (student_id, first_name, last_name, email) VALUES (7, 'William', 'Perry', 'william.perry@example.com');
INSERT INTO student (student_id, first_name, last_name, email) VALUES (8, 'Kristine', 'Carpenter', 'kristine.carpenter@example.com');
INSERT INTO student (student_id, first_name, last_name, email) VALUES (9, 'Kiara', 'Davis', 'kiara.davis@example.com');
INSERT INTO student (student_id, first_name, last_name, email) VALUES (10, 'Frances', 'Smith', 'frances.smith@example.com');
INSERT INTO student (student_id, first_name, last_name, email) VALUES (11, 'Willie', 'Jennings', 'willie.jennings@example.com');
INSERT INTO student (student_id, first_name, last_name, email) VALUES (12, 'Olivia', 'Johnson', 'olivia.johnson@example.com');
INSERT INTO student (student_id, first_name, last_name, email) VALUES (13, 'Jessica', 'Reynolds', 'jessica.reynolds@example.com');
INSERT INTO student (student_id, first_name, last_name, email) VALUES (14, 'Christian', 'Perry', 'christian.perry@example.com');
INSERT INTO student (student_id, first_name, last_name, email) VALUES (15, 'Bryan', 'Jackson', 'bryan.jackson@example.com');
INSERT INTO student (student_id, first_name, last_name, email) VALUES (16, 'Emily', 'Howard', 'emily.howard@example.com');
INSERT INTO student (student_id, first_name, last_name, email) VALUES (17, 'Ian', 'Rush', 'ian.rush@example.com');
INSERT INTO student (student_id, first_name, last_name, email) VALUES (18, 'Angela', 'Taylor', 'angela.taylor@example.com');
INSERT INTO student (student_id, first_name, last_name, email) VALUES (19, 'Kristen', 'Rogers', 'kristen.rogers@example.com');
INSERT INTO student (student_id, first_name, last_name, email) VALUES (20, 'Sara', 'Evans', 'sara.evans@example.com');
INSERT INTO student (student_id, first_name, last_name, email) VALUES (21, 'James', 'Miller', 'james.miller@example.com');
INSERT INTO student (student_id, first_name, last_name, email) VALUES (22, 'Melanie', 'Sutton', 'melanie.sutton@example.com');
INSERT INTO student (student_id, first_name, last_name, email) VALUES (23, 'Mary', 'Robinson', 'mary.robinson@example.com');
INSERT INTO student (student_id, first_name, last_name, email) VALUES (24, 'Fernando', 'Davila', 'fernando.davila@example.com');
INSERT INTO student (student_id, first_name, last_name, email) VALUES (25, 'Natalie', 'Stewart', 'natalie.stewart@example.com');
INSERT INTO student (student_id, first_name, last_name, email) VALUES (26, 'Joseph', 'Robinson', 'joseph.robinson@example.com');
INSERT INTO student (student_id, first_name, last_name, email) VALUES (27, 'Kevin', 'Woods', 'kevin.woods@example.com');
INSERT INTO student (student_id, first_name, last_name, email) VALUES (28, 'Dana', 'Goodman', 'dana.goodman@example.com');
INSERT INTO student (student_id, first_name, last_name, email) VALUES (29, 'James', 'Murphy', 'james.murphy@example.com');
INSERT INTO student (student_id, first_name, last_name, email) VALUES (30, 'Shawn', 'Soto', 'shawn.soto@example.com');
INSERT INTO student (student_id, first_name, last_name, email) VALUES (31, 'Leroy', 'Ramirez', 'leroy.ramirez@example.com');
INSERT INTO student (student_id, first_name, last_name, email) VALUES (32, 'Jeanette', 'Gutierrez', 'jeanette.gutierrez@example.com');
INSERT INTO student (student_id, first_name, last_name, email) VALUES (33, 'James', 'Jones', 'james.jones@example.com');
INSERT INTO student (student_id, first_name, last_name, email) VALUES (34, 'Kaitlyn', 'Mcgee', 'kaitlyn.mcgee@example.com');
INSERT INTO student (student_id, first_name, last_name, email) VALUES (35, 'Tiffany', 'Cortez', 'tiffany.cortez@example.com');
INSERT INTO student (student_id, first_name, last_name, email) VALUES (36, 'Mary', 'Miller', 'mary.miller@example.com');
INSERT INTO student (student_id, first_name, last_name, email) VALUES (37, 'Rita', 'Morris', 'rita.morris@example.com');
INSERT INTO student (student_id, first_name, last_name, email) VALUES (38, 'Jessica', 'Wolf', 'jessica.wolf@example.com');
INSERT INTO student (student_id, first_name, last_name, email) VALUES (39, 'Laura', 'Harrison', 'laura.harrison@example.com');
INSERT INTO student (student_id, first_name, last_name, email) VALUES (40, 'Danielle', 'Johnson', 'danielle.johnson@example.com');
INSERT INTO student (student_id, first_name, last_name, email) VALUES (41, 'Eduardo', 'Holden', 'eduardo.holden@example.com');
INSERT INTO student (student_id, first_name, last_name, email) VALUES (42, 'Erin', 'Clark', 'erin.clark@example.com');
INSERT INTO student (student_id, first_name, last_name, email) VALUES (43, 'Duane', 'Smith', 'duane.smith@example.com');
INSERT INTO student (student_id, first_name, last_name, email) VALUES (44, 'Mark', 'Medina', 'mark.medina@example.com');
INSERT INTO student (student_id, first_name, last_name, email) VALUES (45, 'Todd', 'Perez', 'todd.perez@example.com');
INSERT INTO student (student_id, first_name, last_name, email) VALUES (46, 'Jesus', 'Wagner', 'jesus.wagner@example.com');
INSERT INTO student (student_id, first_name, last_name, email) VALUES (47, 'Tiffany', 'Bruce', 'tiffany.bruce@example.com');
INSERT INTO student (student_id, first_name, last_name, email) VALUES (48, 'Kristen', 'Knight', 'kristen.knight@example.com');
INSERT INTO student (student_id, first_name, last_name, email) VALUES (49, 'Derrick', 'Hernandez', 'derrick.hernandez@example.com');
INSERT INTO student (student_id, first_name, last_name, email) VALUES (50, 'Kristin', 'Mcgee', 'kristin.mcgee@example.com');
INSERT INTO student (student_id, first_name, last_name, email) VALUES (51, 'Ross', 'Weaver', 'ross.weaver@example.com');
INSERT INTO student (student_id, first_name, last_name, email) VALUES (52, 'Yvonne', 'Ortiz', 'yvonne.ortiz@example.com');
INSERT INTO student (student_id, first_name, last_name, email) VALUES (53, 'Victor', 'Klein', 'victor.klein@example.com');
INSERT INTO student (student_id, first_name, last_name, email) VALUES (54, 'Erin', 'Zavala', 'erin.zavala@example.com');
INSERT INTO student (student_id, first_name, last_name, email) VALUES (55, 'Russell', 'Haney', 'russell.haney@example.com');
INSERT INTO student (student_id, first_name, last_name, email) VALUES (56, 'Eric', 'Thompson', 'eric.thompson@example.com');
INSERT INTO student (student_id, first_name, last_name, email) VALUES (57, 'Charles', 'Hammond', 'charles.hammond@example.com');
INSERT INTO student (student_id, first_name, last_name, email) VALUES (58, 'Antonio', 'Jones', 'antonio.jones@example.com');
INSERT INTO student (student_id, first_name, last_name, email) VALUES (59, 'Michael', 'Collins', 'michael.collins@example.com');
INSERT INTO student (student_id, first_name, last_name, email) VALUES (60, 'Jacob', 'Jones', 'jacob.jones@example.com');
INSERT INTO student (student_id, first_name, last_name, email) VALUES (61, 'Robert', 'Sharp', 'robert.sharp@example.com');
INSERT INTO student (student_id, first_name, last_name, email) VALUES (62, 'Michael', 'Boyd', 'michael.boyd@example.com');
INSERT INTO student (student_id, first_name, last_name, email) VALUES (63, 'Scott', 'Nelson', 'scott.nelson@example.com');
INSERT INTO student (student_id, first_name, last_name, email) VALUES (64, 'Walter', 'Morris', 'walter.morris@example.com');
INSERT INTO student (student_id, first_name, last_name, email) VALUES (65, 'Shannon', 'Lopez', 'shannon.lopez@example.com');
INSERT INTO student (student_id, first_name, last_name, email) VALUES (66, 'Raymond', 'Bautista', 'raymond.bautista@example.com');
INSERT INTO student (student_id, first_name, last_name, email) VALUES (67, 'Tyler', 'Martin', 'tyler.martin@example.com');
INSERT INTO student (student_id, first_name, last_name, email) VALUES (68, 'Thomas', 'Zimmerman', 'thomas.zimmerman@example.com');
INSERT INTO student (student_id, first_name, last_name, email) VALUES (69, 'Dawn', 'Anderson', 'dawn.anderson@example.com');
INSERT INTO student (student_id, first_name, last_name, email) VALUES (70, 'Katherine', 'Alexander', 'katherine.alexander@example.com');
INSERT INTO student (student_id, first_name, last_name, email) VALUES (71, 'Rebecca', 'Richardson', 'rebecca.richardson@example.com');
INSERT INTO student (student_id, first_name, last_name, email) VALUES (72, 'Sara', 'Byrd', 'sara.byrd@example.com');
INSERT INTO student (student_id, first_name, last_name, email) VALUES (73, 'Dominic', 'Lambert', 'dominic.lambert@example.com');
INSERT INTO student (student_id, first_name, last_name, email) VALUES (74, 'Brian', 'Ross', 'brian.ross@example.com');
INSERT INTO student (student_id, first_name, last_name, email) VALUES (75, 'Michelle', 'Donovan', 'michelle.donovan@example.com');
INSERT INTO student (student_id, first_name, last_name, email) VALUES (76, 'Nicole', 'Boyd', 'nicole.boyd@example.com');
INSERT INTO student (student_id, first_name, last_name, email) VALUES (77, 'Jason', 'Freeman', 'jason.freeman@example.com');
INSERT INTO student (student_id, first_name, last_name, email) VALUES (78, 'Alison', 'Thomas', 'alison.thomas@example.com');
INSERT INTO student (student_id, first_name, last_name, email) VALUES (79, 'Brandy', 'Thornton', 'brandy.thornton@example.com');
INSERT INTO student (student_id, first_name, last_name, email) VALUES (80, 'Michael', 'Wise', 'michael.wise@example.com');
INSERT INTO student (student_id, first_name, last_name, email) VALUES (81, 'Cory', 'Hunter', 'cory.hunter@example.com');
INSERT INTO student (student_id, first_name, last_name, email) VALUES (82, 'Taylor', 'Mills', 'taylor.mills@example.com');
INSERT INTO student (student_id, first_name, last_name, email) VALUES (83, 'Michelle', 'Smith', 'michelle.smith@example.com');
INSERT INTO student (student_id, first_name, last_name, email) VALUES (84, 'Beverly', 'Foster', 'beverly.foster@example.com');
INSERT INTO student (student_id, first_name, last_name, email) VALUES (85, 'Lydia', 'Miller', 'lydia.miller@example.com');
INSERT INTO student (student_id, first_name, last_name, email) VALUES (86, 'Jorge', 'Dudley', 'jorge.dudley@example.com');
INSERT INTO student (student_id, first_name, last_name, email) VALUES (87, 'Stephanie', 'Mitchell', 'stephanie.mitchell@example.com');
INSERT INTO student (student_id, first_name, last_name, email) VALUES (88, 'Terry', 'Rice', 'terry.rice@example.com');
INSERT INTO student (student_id, first_name, last_name, email) VALUES (89, 'Ruth', 'Snyder', 'ruth.snyder@example.com');
INSERT INTO student (student_id, first_name, last_name, email) VALUES (90, 'Nathan', 'Wright', 'nathan.wright@example.com');
INSERT INTO student (student_id, first_name, last_name, email) VALUES (91, 'Jillian', 'Rodriguez', 'jillian.rodriguez@example.com');
INSERT INTO student (student_id, first_name, last_name, email) VALUES (92, 'Derek', 'Krause', 'derek.krause@example.com');
INSERT INTO student (student_id, first_name, last_name, email) VALUES (93, 'Rhonda', 'Black', 'rhonda.black@example.com');
INSERT INTO student (student_id, first_name, last_name, email) VALUES (94, 'Kayla', 'Lewis', 'kayla.lewis@example.com');
INSERT INTO student (student_id, first_name, last_name, email) VALUES (95, 'Melissa', 'Long', 'melissa.long@example.com');
INSERT INTO student (student_id, first_name, last_name, email) VALUES (96, 'Lance', 'Dyer', 'lance.dyer@example.com');
INSERT INTO student (student_id, first_name, last_name, email) VALUES (97, 'Tammy', 'Thompson', 'tammy.thompson@example.com');
INSERT INTO student (student_id, first_name, last_name, email) VALUES (98, 'Robert', 'Sexton', 'robert.sexton@example.com');
INSERT INTO student (student_id, first_name, last_name, email) VALUES (99, 'Sarah', 'Garcia', 'sarah.garcia@example.com');
INSERT INTO student (student_id, first_name, last_name, email) VALUES (100, 'Scott', 'Morris', 'scott.morris@example.com');

INSERT INTO course (course_id, course_name, course_code) VALUES (1, 'Focused global instruction set', 'CSE550');
INSERT INTO course (course_id, course_name, course_code) VALUES (2, 'Operative tangible open architecture', 'CSE526');
INSERT INTO course (course_id, course_name, course_code) VALUES (3, 'Up-sized bottom-line superstructure', 'CSE448');
INSERT INTO course (course_id, course_name, course_code) VALUES (4, 'Streamlined asynchronous capability', 'CSE948');
INSERT INTO course (course_id, course_name, course_code) VALUES (5, 'Reduced high-level info-mediaries', 'CSE944');
INSERT INTO course (course_id, course_name, course_code) VALUES (6, 'Cross-group optimal attitude', 'CSE418');
INSERT INTO course (course_id, course_name, course_code) VALUES (7, 'Exclusive well-modulated project', 'CSE617');
INSERT INTO course (course_id, course_name, course_code) VALUES (8, 'Cross-group system-worthy matrix', 'CSE427');
INSERT INTO course (course_id, course_name, course_code) VALUES (9, 'Business-focused transitional methodology', 'CSE948');
INSERT INTO course (course_id, course_name, course_code) VALUES (10, 'Advanced uniform paradigm', 'CSE304');

INSERT INTO studentCourse (student_id, course_id, enrollment_date) VALUES (46, 10, '2023-10-21');
INSERT INTO studentCourse (student_id, course_id, enrollment_date) VALUES (85, 4, '2025-07-07');
INSERT INTO studentCourse (student_id, course_id, enrollment_date) VALUES (98, 2, '2024-03-09');
INSERT INTO studentCourse (student_id, course_id, enrollment_date) VALUES (84, 8, '2024-03-11');
INSERT INTO studentCourse (student_id, course_id, enrollment_date) VALUES (87, 3, '2023-10-22');
INSERT INTO studentCourse (student_id, course_id, enrollment_date) VALUES (75, 9, '2025-02-26');
INSERT INTO studentCourse (student_id, course_id, enrollment_date) VALUES (20, 5, '2024-06-25');
INSERT INTO studentCourse (student_id, course_id, enrollment_date) VALUES (72, 6, '2025-09-24');
INSERT INTO studentCourse (student_id, course_id, enrollment_date) VALUES (15, 3, '2025-02-20');
INSERT INTO studentCourse (student_id, course_id, enrollment_date) VALUES (87, 6, '2024-05-03');
INSERT INTO studentCourse (student_id, course_id, enrollment_date) VALUES (93, 9, '2025-01-09');
INSERT INTO studentCourse (student_id, course_id, enrollment_date) VALUES (25, 2, '2024-07-08');
INSERT INTO studentCourse (student_id, course_id, enrollment_date) VALUES (76, 5, '2024-09-23');
INSERT INTO studentCourse (student_id, course_id, enrollment_date) VALUES (30, 8, '2024-02-26');
INSERT INTO studentCourse (student_id, course_id, enrollment_date) VALUES (22, 2, '2024-12-27');
INSERT INTO studentCourse (student_id, course_id, enrollment_date) VALUES (15, 5, '2025-09-08');
INSERT INTO studentCourse (student_id, course_id, enrollment_date) VALUES (69, 6, '2025-03-29');
INSERT INTO studentCourse (student_id, course_id, enrollment_date) VALUES (73, 4, '2024-01-15');
INSERT INTO studentCourse (student_id, course_id, enrollment_date) VALUES (50, 4, '2024-11-20');
INSERT INTO studentCourse (student_id, course_id, enrollment_date) VALUES (51, 4, '2024-03-03');
INSERT INTO studentCourse (student_id, course_id, enrollment_date) VALUES (56, 7, '2024-05-10');
INSERT INTO studentCourse (student_id, course_id, enrollment_date) VALUES (94, 2, '2024-05-09');
INSERT INTO studentCourse (student_id, course_id, enrollment_date) VALUES (32, 9, '2024-01-24');
INSERT INTO studentCourse (student_id, course_id, enrollment_date) VALUES (33, 3, '2025-07-06');
INSERT INTO studentCourse (student_id, course_id, enrollment_date) VALUES (82, 7, '2023-12-27');
INSERT INTO studentCourse (student_id, course_id, enrollment_date) VALUES (19, 4, '2025-05-16');
INSERT INTO studentCourse (student_id, course_id, enrollment_date) VALUES (75, 3, '2025-02-20');
INSERT INTO studentCourse (student_id, course_id, enrollment_date) VALUES (15, 6, '2024-06-16');
INSERT INTO studentCourse (student_id, course_id, enrollment_date) VALUES (83, 10, '2025-06-13');
INSERT INTO studentCourse (student_id, course_id, enrollment_date) VALUES (13, 6, '2025-02-25');
INSERT INTO studentCourse (student_id, course_id, enrollment_date) VALUES (17, 10, '2024-01-18');
INSERT INTO studentCourse (student_id, course_id, enrollment_date) VALUES (20, 2, '2025-07-10');
INSERT INTO studentCourse (student_id, course_id, enrollment_date) VALUES (77, 10, '2024-07-31');
INSERT INTO studentCourse (student_id, course_id, enrollment_date) VALUES (36, 2, '2024-11-03');
INSERT INTO studentCourse (student_id, course_id, enrollment_date) VALUES (44, 2, '2025-07-03');
INSERT INTO studentCourse (student_id, course_id, enrollment_date) VALUES (49, 3, '2024-08-23');
INSERT INTO studentCourse (student_id, course_id, enrollment_date) VALUES (12, 10, '2025-02-04');
INSERT INTO studentCourse (student_id, course_id, enrollment_date) VALUES (57, 1, '2023-10-26');
INSERT INTO studentCourse (student_id, course_id, enrollment_date) VALUES (72, 8, '2024-08-17');
INSERT INTO studentCourse (student_id, course_id, enrollment_date) VALUES (32, 5, '2024-12-23');
INSERT INTO studentCourse (student_id, course_id, enrollment_date) VALUES (92, 4, '2025-06-16');
INSERT INTO studentCourse (student_id, course_id, enrollment_date) VALUES (4, 4, '2024-06-27');
INSERT INTO studentCourse (student_id, course_id, enrollment_date) VALUES (84, 9, '2025-06-17');
INSERT INTO studentCourse (student_id, course_id, enrollment_date) VALUES (99, 8, '2024-12-07');
INSERT INTO studentCourse (student_id, course_id, enrollment_date) VALUES (90, 2, '2025-06-13');
INSERT INTO studentCourse (student_id, course_id, enrollment_date) VALUES (43, 4, '2024-01-26');
INSERT INTO studentCourse (student_id, course_id, enrollment_date) VALUES (43, 10, '2025-07-15');
INSERT INTO studentCourse (student_id, course_id, enrollment_date) VALUES (99, 10, '2025-06-05');
INSERT INTO studentCourse (student_id, course_id, enrollment_date) VALUES (87, 7, '2023-10-05');
INSERT INTO studentCourse (student_id, course_id, enrollment_date) VALUES (5, 4, '2024-03-22');
INSERT INTO studentCourse (student_id, course_id, enrollment_date) VALUES (81, 9, '2025-06-09');
INSERT INTO studentCourse (student_id, course_id, enrollment_date) VALUES (65, 5, '2023-12-28');
INSERT INTO studentCourse (student_id, course_id, enrollment_date) VALUES (76, 2, '2023-10-02');
INSERT INTO studentCourse (student_id, course_id, enrollment_date) VALUES (93, 1, '2024-03-22');
INSERT INTO studentCourse (student_id, course_id, enrollment_date) VALUES (3, 6, '2023-11-14');
INSERT INTO studentCourse (student_id, course_id, enrollment_date) VALUES (13, 2, '2024-08-15');
INSERT INTO studentCourse (student_id, course_id, enrollment_date) VALUES (70, 9, '2025-08-08');
INSERT INTO studentCourse (student_id, course_id, enrollment_date) VALUES (39, 10, '2024-06-03');
INSERT INTO studentCourse (student_id, course_id, enrollment_date) VALUES (87, 8, '2025-08-29');
INSERT INTO studentCourse (student_id, course_id, enrollment_date) VALUES (51, 6, '2024-12-31');
INSERT INTO studentCourse (student_id, course_id, enrollment_date) VALUES (73, 10, '2025-08-26');
INSERT INTO studentCourse (student_id, course_id, enrollment_date) VALUES (57, 5, '2025-01-18');
INSERT INTO studentCourse (student_id, course_id, enrollment_date) VALUES (85, 9, '2024-02-14');
INSERT INTO studentCourse (student_id, course_id, enrollment_date) VALUES (47, 2, '2025-04-16');
INSERT INTO studentCourse (student_id, course_id, enrollment_date) VALUES (94, 7, '2025-08-14');
INSERT INTO studentCourse (student_id, course_id, enrollment_date) VALUES (77, 8, '2024-02-14');
INSERT INTO studentCourse (student_id, course_id, enrollment_date) VALUES (58, 7, '2024-11-20');
INSERT INTO studentCourse (student_id, course_id, enrollment_date) VALUES (91, 2, '2024-02-15');
INSERT INTO studentCourse (student_id, course_id, enrollment_date) VALUES (65, 10, '2025-02-23');
INSERT INTO studentCourse (student_id, course_id, enrollment_date) VALUES (56, 2, '2023-12-10');
INSERT INTO studentCourse (student_id, course_id, enrollment_date) VALUES (77, 1, '2023-10-13');
INSERT INTO studentCourse (student_id, course_id, enrollment_date) VALUES (73, 5, '2024-09-17');
INSERT INTO studentCourse (student_id, course_id, enrollment_date) VALUES (94, 4, '2024-06-15');
INSERT INTO studentCourse (student_id, course_id, enrollment_date) VALUES (5, 7, '2024-06-23');
INSERT INTO studentCourse (student_id, course_id, enrollment_date) VALUES (31, 4, '2025-04-16');
INSERT INTO studentCourse (student_id, course_id, enrollment_date) VALUES (71, 8, '2024-07-10');
INSERT INTO studentCourse (student_id, course_id, enrollment_date) VALUES (55, 5, '2024-07-01');
INSERT INTO studentCourse (student_id, course_id, enrollment_date) VALUES (67, 7, '2025-05-23');
INSERT INTO studentCourse (student_id, course_id, enrollment_date) VALUES (45, 5, '2023-12-26');
INSERT INTO studentCourse (student_id, course_id, enrollment_date) VALUES (83, 1, '2025-05-18');
INSERT INTO studentCourse (student_id, course_id, enrollment_date) VALUES (91, 1, '2024-03-01');
INSERT INTO studentCourse (student_id, course_id, enrollment_date) VALUES (53, 6, '2024-12-16');
INSERT INTO studentCourse (student_id, course_id, enrollment_date) VALUES (40, 3, '2024-02-08');
INSERT INTO studentCourse (student_id, course_id, enrollment_date) VALUES (29, 9, '2025-01-26');
INSERT INTO studentCourse (student_id, course_id, enrollment_date) VALUES (56, 5, '2023-12-27');
INSERT INTO studentCourse (student_id, course_id, enrollment_date) VALUES (48, 10, '2024-09-19');
INSERT INTO studentCourse (student_id, course_id, enrollment_date) VALUES (9, 4, '2024-12-19');
INSERT INTO studentCourse (student_id, course_id, enrollment_date) VALUES (82, 5, '2023-12-21');
INSERT INTO studentCourse (student_id, course_id, enrollment_date) VALUES (29, 1, '2024-12-20');
INSERT INTO studentCourse (student_id, course_id, enrollment_date) VALUES (73, 7, '2024-02-15');
INSERT INTO studentCourse (student_id, course_id, enrollment_date) VALUES (23, 7, '2024-10-19');
INSERT INTO studentCourse (student_id, course_id, enrollment_date) VALUES (61, 2, '2024-12-04');
INSERT INTO studentCourse (student_id, course_id, enrollment_date) VALUES (58, 4, '2024-01-08');
INSERT INTO studentCourse (student_id, course_id, enrollment_date) VALUES (99, 9, '2025-01-14');
INSERT INTO studentCourse (student_id, course_id, enrollment_date) VALUES (10, 6, '2024-01-16');
INSERT INTO studentCourse (student_id, course_id, enrollment_date) VALUES (86, 2, '2024-05-23');
INSERT INTO studentCourse (student_id, course_id, enrollment_date) VALUES (48, 9, '2025-06-27');
INSERT INTO studentCourse (student_id, course_id, enrollment_date) VALUES (7, 2, '2025-09-15');
INSERT INTO studentCourse (student_id, course_id, enrollment_date) VALUES (62, 2, '2025-09-23');
INSERT INTO studentCourse (student_id, course_id, enrollment_date) VALUES (49, 9, '2024-09-29');
INSERT INTO studentCourse (student_id, course_id, enrollment_date) VALUES (43, 7, '2024-09-17');
INSERT INTO studentCourse (student_id, course_id, enrollment_date) VALUES (86, 5, '2024-04-28');
INSERT INTO studentCourse (student_id, course_id, enrollment_date) VALUES (66, 1, '2025-03-29');
INSERT INTO studentCourse (student_id, course_id, enrollment_date) VALUES (28, 2, '2024-05-04');
INSERT INTO studentCourse (student_id, course_id, enrollment_date) VALUES (38, 1, '2025-07-30');
INSERT INTO studentCourse (student_id, course_id, enrollment_date) VALUES (86, 3, '2024-03-17');
INSERT INTO studentCourse (student_id, course_id, enrollment_date) VALUES (19, 6, '2024-12-15');
INSERT INTO studentCourse (student_id, course_id, enrollment_date) VALUES (60, 6, '2024-08-07');
INSERT INTO studentCourse (student_id, course_id, enrollment_date) VALUES (54, 6, '2025-06-06');
INSERT INTO studentCourse (student_id, course_id, enrollment_date) VALUES (53, 1, '2024-10-01');
INSERT INTO studentCourse (student_id, course_id, enrollment_date) VALUES (35, 8, '2025-01-29');
INSERT INTO studentCourse (student_id, course_id, enrollment_date) VALUES (62, 4, '2025-07-14');
INSERT INTO studentCourse (student_id, course_id, enrollment_date) VALUES (78, 7, '2025-07-11');
INSERT INTO studentCourse (student_id, course_id, enrollment_date) VALUES (42, 8, '2024-07-02');
INSERT INTO studentCourse (student_id, course_id, enrollment_date) VALUES (89, 6, '2023-11-23');
INSERT INTO studentCourse (student_id, course_id, enrollment_date) VALUES (52, 6, '2024-05-14');
INSERT INTO studentCourse (student_id, course_id, enrollment_date) VALUES (42, 4, '2024-04-01');
INSERT INTO studentCourse (student_id, course_id, enrollment_date) VALUES (60, 3, '2024-08-10');
INSERT INTO studentCourse (student_id, course_id, enrollment_date) VALUES (82, 10, '2024-07-21');
INSERT INTO studentCourse (student_id, course_id, enrollment_date) VALUES (29, 3, '2025-06-16');
INSERT INTO studentCourse (student_id, course_id, enrollment_date) VALUES (59, 4, '2025-07-15');
INSERT INTO studentCourse (student_id, course_id, enrollment_date) VALUES (1, 3, '2024-03-23');
INSERT INTO studentCourse (student_id, course_id, enrollment_date) VALUES (56, 6, '2025-06-15');
INSERT INTO studentCourse (student_id, course_id, enrollment_date) VALUES (36, 9, '2025-04-03');
INSERT INTO studentCourse (student_id, course_id, enrollment_date) VALUES (86, 1, '2025-08-25');
INSERT INTO studentCourse (student_id, course_id, enrollment_date) VALUES (91, 3, '2025-06-18');
INSERT INTO studentCourse (student_id, course_id, enrollment_date) VALUES (47, 6, '2025-04-06');
INSERT INTO studentCourse (student_id, course_id, enrollment_date) VALUES (54, 2, '2025-09-18');
INSERT INTO studentCourse (student_id, course_id, enrollment_date) VALUES (34, 7, '2024-03-15');
INSERT INTO studentCourse (student_id, course_id, enrollment_date) VALUES (55, 2, '2024-11-21');
INSERT INTO studentCourse (student_id, course_id, enrollment_date) VALUES (1, 1, '2025-03-07');
INSERT INTO studentCourse (student_id, course_id, enrollment_date) VALUES (33, 7, '2024-12-28');
INSERT INTO studentCourse (student_id, course_id, enrollment_date) VALUES (85, 6, '2023-10-11');
INSERT INTO studentCourse (student_id, course_id, enrollment_date) VALUES (94, 10, '2025-05-31');
INSERT INTO studentCourse (student_id, course_id, enrollment_date) VALUES (95, 8, '2024-01-12');
INSERT INTO studentCourse (student_id, course_id, enrollment_date) VALUES (74, 1, '2024-04-09');
INSERT INTO studentCourse (student_id, course_id, enrollment_date) VALUES (39, 7, '2023-10-04');
INSERT INTO studentCourse (student_id, course_id, enrollment_date) VALUES (96, 6, '2024-08-29');
INSERT INTO studentCourse (student_id, course_id, enrollment_date) VALUES (21, 6, '2024-04-06');
INSERT INTO studentCourse (student_id, course_id, enrollment_date) VALUES (35, 4, '2024-03-04');
INSERT INTO studentCourse (student_id, course_id, enrollment_date) VALUES (45, 2, '2024-11-08');
INSERT INTO studentCourse (student_id, course_id, enrollment_date) VALUES (98, 7, '2024-05-16');
INSERT INTO studentCourse (student_id, course_id, enrollment_date) VALUES (48, 5, '2024-06-03');
INSERT INTO studentCourse (student_id, course_id, enrollment_date) VALUES (80, 9, '2024-08-25');
INSERT INTO studentCourse (student_id, course_id, enrollment_date) VALUES (89, 3, '2023-11-09');
INSERT INTO studentCourse (student_id, course_id, enrollment_date) VALUES (64, 5, '2023-11-18');
INSERT INTO studentCourse (student_id, course_id, enrollment_date) VALUES (9, 1, '2024-05-28');
INSERT INTO studentCourse (student_id, course_id, enrollment_date) VALUES (69, 3, '2025-04-04');
INSERT INTO studentCourse (student_id, course_id, enrollment_date) VALUES (71, 6, '2025-05-24');
INSERT INTO studentCourse (student_id, course_id, enrollment_date) VALUES (93, 7, '2025-09-29');
INSERT INTO studentCourse (student_id, course_id, enrollment_date) VALUES (82, 1, '2024-04-30');
INSERT INTO studentCourse (student_id, course_id, enrollment_date) VALUES (62, 6, '2024-09-09');
INSERT INTO studentCourse (student_id, course_id, enrollment_date) VALUES (32, 1, '2025-05-21');
INSERT INTO studentCourse (student_id, course_id, enrollment_date) VALUES (31, 3, '2024-09-02');
INSERT INTO studentCourse (student_id, course_id, enrollment_date) VALUES (27, 9, '2024-04-16');
INSERT INTO studentCourse (student_id, course_id, enrollment_date) VALUES (16, 5, '2023-11-22');
INSERT INTO studentCourse (student_id, course_id, enrollment_date) VALUES (56, 3, '2023-12-19');
INSERT INTO studentCourse (student_id, course_id, enrollment_date) VALUES (18, 3, '2023-10-19');
INSERT INTO studentCourse (student_id, course_id, enrollment_date) VALUES (56, 4, '2025-08-21');
INSERT INTO studentCourse (student_id, course_id, enrollment_date) VALUES (91, 7, '2024-07-26');
INSERT INTO studentCourse (student_id, course_id, enrollment_date) VALUES (11, 9, '2025-08-07');
INSERT INTO studentCourse (student_id, course_id, enrollment_date) VALUES (37, 5, '2025-01-19');
INSERT INTO studentCourse (student_id, course_id, enrollment_date) VALUES (53, 7, '2025-01-14');
INSERT INTO studentCourse (student_id, course_id, enrollment_date) VALUES (61, 7, '2024-12-22');
INSERT INTO studentCourse (student_id, course_id, enrollment_date) VALUES (84, 4, '2024-04-24');
INSERT INTO studentCourse (student_id, course_id, enrollment_date) VALUES (68, 10, '2024-09-26');
INSERT INTO studentCourse (student_id, course_id, enrollment_date) VALUES (72, 2, '2025-06-30');
INSERT INTO studentCourse (student_id, course_id, enrollment_date) VALUES (28, 7, '2025-04-30');
INSERT INTO studentCourse (student_id, course_id, enrollment_date) VALUES (62, 5, '2024-08-22');
INSERT INTO studentCourse (student_id, course_id, enrollment_date) VALUES (57, 10, '2024-02-19');
INSERT INTO studentCourse (student_id, course_id, enrollment_date) VALUES (24, 1, '2023-10-11');
INSERT INTO studentCourse (student_id, course_id, enrollment_date) VALUES (62, 8, '2023-11-25');
INSERT INTO studentCourse (student_id, course_id, enrollment_date) VALUES (49, 4, '2025-01-07');
INSERT INTO studentCourse (student_id, course_id, enrollment_date) VALUES (64, 8, '2025-02-19');
INSERT INTO studentCourse (student_id, course_id, enrollment_date) VALUES (81, 1, '2024-03-30');
INSERT INTO studentCourse (student_id, course_id, enrollment_date) VALUES (49, 1, '2025-05-22');
INSERT INTO studentCourse (student_id, course_id, enrollment_date) VALUES (9, 5, '2024-04-21');
INSERT INTO studentCourse (student_id, course_id, enrollment_date) VALUES (14, 1, '2025-03-25');
INSERT INTO studentCourse (student_id, course_id, enrollment_date) VALUES (86, 6, '2025-07-09');
INSERT INTO studentCourse (student_id, course_id, enrollment_date) VALUES (74, 6, '2024-04-16');
INSERT INTO studentCourse (student_id, course_id, enrollment_date) VALUES (20, 9, '2023-12-06');
INSERT INTO studentCourse (student_id, course_id, enrollment_date) VALUES (97, 10, '2025-04-13');
INSERT INTO studentCourse (student_id, course_id, enrollment_date) VALUES (4, 9, '2025-08-29');
INSERT INTO studentCourse (student_id, course_id, enrollment_date) VALUES (2, 9, '2024-12-04');
INSERT INTO studentCourse (student_id, course_id, enrollment_date) VALUES (71, 7, '2024-02-19');
INSERT INTO studentCourse (student_id, course_id, enrollment_date) VALUES (45, 3, '2023-10-06');
INSERT INTO studentCourse (student_id, course_id, enrollment_date) VALUES (66, 6, '2025-09-10');
INSERT INTO studentCourse (student_id, course_id, enrollment_date) VALUES (91, 6, '2025-09-28');
INSERT INTO studentCourse (student_id, course_id, enrollment_date) VALUES (12, 4, '2024-12-25');
INSERT INTO studentCourse (student_id, course_id, enrollment_date) VALUES (88, 1, '2023-12-13');
INSERT INTO studentCourse (student_id, course_id, enrollment_date) VALUES (39, 3, '2025-02-13');
INSERT INTO studentCourse (student_id, course_id, enrollment_date) VALUES (76, 6, '2024-03-30');
INSERT INTO studentCourse (student_id, course_id, enrollment_date) VALUES (92, 1, '2025-08-11');


select * 
from student s join studentCourse sc on s.student_id = sc.student_id join course c on c.course_id = sc.course_id;

